﻿<?xml version="1.0" encoding="utf-8" ?>
<c2eventsheet>
    <!--All the 'name' attributes are ignored by Construct 2 - they are there for readability only.-->
    <name>Event sheet 1</name>
    <events>
        <event-block sid="911507868571542">
            <conditions>
                <condition id="0" name="On key pressed" sid="418175327186353" type="Keyboard">
                    <param id="0" name="Key">32</param>
                </condition>
            </conditions>
            <actions>
                <action id="0" name="Spawn another object" sid="429486144933261" type="spaceship">
                    <param id="0" name="Object">11112552_redlaserbeampngpngdownloadcolorfulnesspng</param>
                    <param id="1" name="Layer">&quot;Game&quot;</param>
                    <param id="2" name="Image point">1</param>
                </action>
                <action id="-8" name="Set angle" sid="239868471745305" type="11112552_redlaserbeampngpngdownloadcolorfulnesspng">
                    <param id="0" name="Angle">-90</param>
                </action>
            </actions>
        </event-block>
        <event-block sid="789596417274355">
            <conditions>
                <condition id="-4" name="Is outside layout" sid="976615949841741" type="11112552_redlaserbeampngpngdownloadcolorfulnesspng" />
            </conditions>
            <actions>
                <action id="-9" name="Destroy" sid="811401440664477" type="11112552_redlaserbeampngpngdownloadcolorfulnesspng" />
            </actions>
        </event-block>
        <event-block sid="258391987247693">
            <conditions>
                <condition id="0" name="On collision with another object" sid="643004791621337" type="11112552_redlaserbeampngpngdownloadcolorfulnesspng">
                    <param id="0" name="Object">asteroidclipartmeteorite</param>
                </condition>
            </conditions>
            <actions>
                <action id="-9" name="Destroy" sid="152383735398251" type="11112552_redlaserbeampngpngdownloadcolorfulnesspng" />
                <action id="-12" name="Subtract from" sid="224561148762604" type="asteroidclipartmeteorite">
                    <param id="0" name="Instance variable">Damage</param>
                    <param id="1" name="Value">1</param>
                </action>
            </actions>
        </event-block>
        <event-block sid="570104375489003">
            <conditions>
                <condition id="-7" name="Compare instance variable" sid="537868533799695" type="asteroidclipartmeteorite">
                    <param id="0" name="Instance variable">Damage</param>
                    <param id="1" name="Comparison">0</param>
                    <param id="2" name="Value">0</param>
                </condition>
            </conditions>
            <actions>
                <action id="-9" name="Destroy" sid="904813538980425" type="asteroidclipartmeteorite" />
            </actions>
        </event-block>
        <event-block sid="727556921968863">
            <conditions>
                <condition id="-6" name="Every X seconds" sid="677960801415611" type="System">
                    <param id="0" name="Interval (seconds)">2.0</param>
                </condition>
            </conditions>
            <actions>
                <action id="0" name="Spawn another object" sid="619788435189490" type="Spawner">
                    <param id="0" name="Object">asteroidclipartmeteorite</param>
                    <param id="1" name="Layer">&quot;Game&quot;</param>
                    <param id="2" name="Image point">0</param>
                </action>
            </actions>
        </event-block>
    </events>
</c2eventsheet>
